,Mouse ID,Timepoint,Tumor Volume,Drug
0,b128,0,45.0,Capomulin
1,b128,5,45.65133131,Capomulin
2,b128,10,43.2708519,Capomulin
3,b128,15,43.78489343,Capomulin
4,b128,20,42.731552,Capomulin
5,b128,25,43.26214483,Capomulin
6,b128,30,40.60533486,Capomulin
7,b128,35,37.96764437,Capomulin
8,b128,40,38.3797259,Capomulin
9,b128,45,38.98287774,Capomulin
213,c326,0,45.0,Infubinol
214,c326,5,36.321345799999996,Infubinol
215,c139,0,45.0,Infubinol
216,c139,5,48.75311208,Infubinol
217,c139,10,49.99295391,Infubinol
218,c139,15,51.8332246,Infubinol
219,c139,20,56.74200681,Infubinol
220,c139,25,61.46196976,Infubinol
221,c139,30,64.14987077,Infubinol
222,c139,35,67.82141969,Infubinol
223,c139,40,69.42814095,Infubinol
224,c139,45,72.2267309,Infubinol
225,v339,0,45.0,Infubinol
226,v339,5,46.25011212,Infubinol
227,a577,0,45.0,Infubinol
228,a577,5,46.197719899999996,Infubinol
229,a577,10,49.5096389,Infubinol
230,a577,15,50.91500662,Infubinol
231,a577,20,52.36518457,Infubinol
232,a577,25,54.38093154,Infubinol
233,a577,30,57.03186187,Infubinol
234,y163,0,45.0,Infubinol
235,y163,5,48.28497016,Infubinol
236,y163,10,49.112399100000005,Infubinol
237,y163,15,51.52306843,Infubinol
238,y163,20,54.57107607,Infubinol
239,y163,25,56.17638452,Infubinol
240,y163,30,59.41253724,Infubinol
241,y163,35,61.73019562,Infubinol
242,y163,40,63.62067958,Infubinol
243,y163,45,67.68556862,Infubinol
244,k483,0,45.0,Infubinol
245,k483,5,46.61105571,Infubinol
246,k483,10,50.29604123,Infubinol
247,k483,15,53.24445813,Infubinol
248,k483,20,54.77896052,Infubinol
249,k483,25,57.43200731,Infubinol
250,k483,30,59.74707708,Infubinol
251,k483,35,60.54156159,Infubinol
252,k483,40,64.13872489,Infubinol
253,k483,45,66.19691151,Infubinol
254,k804,0,45.0,Infubinol
255,k804,5,48.26620364,Infubinol
256,k804,10,49.47124419,Infubinol
257,k804,15,50.47761824,Infubinol
258,k804,20,54.48451945,Infubinol
259,k804,25,55.67480798,Infubinol
260,k804,30,59.24061511,Infubinol
261,k804,35,62.11727887,Infubinol
262,o809,0,45.0,Infubinol
263,o809,5,46.87724316,Infubinol
264,o809,10,48.6707318,Infubinol
265,o809,15,49.68344504,Infubinol
266,o809,20,50.33655288,Infubinol
267,o809,25,52.31817407,Infubinol
268,o809,30,54.832628799999995,Infubinol
269,o809,35,55.62942846,Infubinol
270,z581,0,45.0,Infubinol
271,z581,5,49.27309187,Infubinol
272,z581,10,50.47875016,Infubinol
273,z581,15,51.1963042,Infubinol
274,z581,20,51.80794416,Infubinol
275,z581,25,54.31640682,Infubinol
276,z581,30,56.28674991,Infubinol
277,z581,35,58.62839878,Infubinol
278,z581,40,60.05373963,Infubinol
279,z581,45,62.75445141,Infubinol
280,a251,0,45.0,Infubinol
281,a251,5,46.98212719,Infubinol
282,a251,10,48.59117901,Infubinol
283,a251,15,50.53445603,Infubinol
284,a251,20,54.46259376,Infubinol
285,a251,25,57.41464570000001,Infubinol
286,a251,30,59.86124129,Infubinol
287,a251,35,60.90388455,Infubinol
288,a251,40,63.09507565,Infubinol
289,a251,45,65.52574285,Infubinol
290,i386,0,45.0,Infubinol
291,i386,5,46.85369669,Infubinol
292,i386,10,49.86154739,Infubinol
293,i386,15,51.73656088,Infubinol
294,i386,20,55.08772445,Infubinol
295,i386,25,56.68786392,Infubinol
296,i386,30,59.13364029,Infubinol
297,i386,35,64.92542037,Infubinol
298,i386,40,67.28962147,Infubinol
306,q132,0,45.0,Infubinol
307,q132,5,46.7163985,Infubinol
308,q132,10,47.95384377,Infubinol
309,q132,15,49.15974862,Infubinol
310,q132,20,51.90902494,Infubinol
311,q132,25,52.78048929999999,Infubinol
312,q132,30,54.65654872,Infubinol
436,c458,0,45.0,Ramicane
437,c458,5,45.72227949,Ramicane
438,c458,10,44.45437828,Ramicane
439,c458,15,45.10742313,Ramicane
440,c458,20,39.50513508,Ramicane
441,c458,25,37.75314964,Ramicane
442,c458,30,38.34200823,Ramicane
443,q610,0,45.0,Ramicane
444,q610,5,45.62949421,Ramicane
445,q610,10,44.99148471,Ramicane
446,q610,15,45.88902756,Ramicane
447,q610,20,46.58543347,Ramicane
448,q610,25,40.14645019,Ramicane
449,q610,30,40.66834256,Ramicane
450,q610,35,36.56165229,Ramicane
451,j913,0,45.0,Ramicane
452,j913,5,44.01490022,Ramicane
453,j913,10,44.49716216,Ramicane
454,j913,15,45.25253427,Ramicane
455,j913,20,42.16834132,Ramicane
456,j913,25,37.86066936,Ramicane
457,j913,30,34.75724046,Ramicane
458,j913,35,35.17014843,Ramicane
459,j913,40,31.00186078,Ramicane
460,j913,45,31.56046955,Ramicane
461,a411,0,45.0,Ramicane
462,a411,5,45.46667714,Ramicane
463,a411,10,40.75978762,Ramicane
464,a411,15,41.48416885,Ramicane
465,a411,20,38.08737318,Ramicane
466,a411,25,38.701438399999994,Ramicane
467,a411,30,39.13073724,Ramicane
468,a411,35,39.71723589,Ramicane
469,a411,40,40.25881765,Ramicane
470,a411,45,38.407618299999996,Ramicane
471,a444,0,45.0,Ramicane
472,a444,5,44.00597487,Ramicane
473,a444,10,44.51255951,Ramicane
474,a444,15,43.00127957,Ramicane
475,a444,20,41.71461874,Ramicane
476,a444,25,42.29139437,Ramicane
477,a444,30,42.78627835,Ramicane
478,a444,35,41.73595083,Ramicane
479,a444,40,42.50492554,Ramicane
480,a444,45,43.04754260000001,Ramicane
481,d251,0,45.0,Ramicane
482,d251,5,41.74635495,Ramicane
483,d251,10,42.43225791,Ramicane
484,d251,15,39.47278744,Ramicane
485,d251,20,37.65209085,Ramicane
486,d251,25,38.09751328,Ramicane
487,d251,30,38.71825638,Ramicane
488,d251,35,37.70852942,Ramicane
489,d251,40,38.26540379,Ramicane
490,d251,45,37.31123552,Ramicane
491,j989,0,45.0,Ramicane
492,j989,5,45.62071835,Ramicane
493,j989,10,46.34383237,Ramicane
494,j989,15,41.12835439,Ramicane
495,j989,20,41.63534426,Ramicane
496,j989,25,39.93411249,Ramicane
497,j989,30,34.67178107,Ramicane
498,j989,35,35.1155898,Ramicane
499,j989,40,35.50119014,Ramicane
500,j989,45,36.13485243,Ramicane
501,y449,0,45.0,Ramicane
502,y449,5,45.87754494,Ramicane
503,y449,10,46.37809248,Ramicane
504,y449,15,44.18345092,Ramicane
505,k403,0,45.0,Ramicane
506,k403,5,38.82589807,Ramicane
507,k403,10,35.01427146,Ramicane
508,k403,15,34.22399174,Ramicane
509,k403,20,32.99772858,Ramicane
510,k403,25,33.46457735,Ramicane
511,k403,30,31.09949753,Ramicane
512,k403,35,26.54699343,Ramicane
513,k403,40,24.36550471,Ramicane
514,k403,45,22.05012627,Ramicane
515,c758,0,45.0,Ramicane
516,c758,5,45.5786783,Ramicane
517,c758,10,46.28799223,Ramicane
518,c758,15,46.94094512,Ramicane
519,c758,20,43.1263114,Ramicane
520,c758,25,43.602267299999994,Ramicane
521,c758,30,44.11827028,Ramicane
522,c758,35,37.80238546,Ramicane
523,c758,40,32.83318858,Ramicane
524,c758,45,33.39765251,Ramicane
535,r811,0,45.0,Ramicane
536,r811,5,45.62580225,Ramicane
537,r811,10,39.453903000000004,Ramicane
538,r811,15,40.02229235,Ramicane
539,r811,20,40.7728027,Ramicane
540,r811,25,37.61401068,Ramicane
541,r811,30,38.24206639,Ramicane
542,r811,35,36.00302016,Ramicane
543,r811,40,36.5200329,Ramicane
544,r811,45,37.22565033,Ramicane
545,a644,0,45.0,Ramicane
546,a644,5,45.55015754,Ramicane
547,a644,10,46.38071258,Ramicane
548,a644,15,46.91089166,Ramicane
549,a644,20,45.86506461,Ramicane
550,a644,25,41.48122408,Ramicane
551,a644,30,37.21112063,Ramicane
552,a644,35,35.12863083,Ramicane
553,a644,40,35.77945086,Ramicane
554,a644,45,32.97852192,Ramicane
555,i177,0,45.0,Ramicane
556,i177,5,44.06539783,Ramicane
557,i177,10,41.02092924,Ramicane
558,i177,15,40.33093479,Ramicane
559,i177,20,35.34536136,Ramicane
560,i177,25,34.0821803,Ramicane
561,i177,30,34.71147302,Ramicane
562,i177,35,35.1521662,Ramicane
563,i177,40,35.55793279,Ramicane
564,i177,45,33.56240217,Ramicane
565,g791,0,45.0,Ramicane
566,g791,5,45.85153062,Ramicane
567,g791,10,40.17055848,Ramicane
568,g791,15,40.67812852,Ramicane
569,g791,20,41.211897,Ramicane
570,g791,25,35.56939935,Ramicane
571,g791,30,34.95258284,Ramicane
572,g791,35,30.96039194,Ramicane
573,g791,40,31.36940573,Ramicane
574,g791,45,29.12847181,Ramicane
575,a520,0,45.0,Ramicane
576,a520,5,38.72370695,Ramicane
577,a520,10,36.42938781,Ramicane
578,a520,15,35.590253999999995,Ramicane
579,a520,20,35.94774514,Ramicane
580,a520,25,36.55858129,Ramicane
581,a520,30,36.94770981,Ramicane
582,a520,35,37.62471026,Ramicane
583,a520,40,38.25972497,Ramicane
584,a520,45,38.81036633,Ramicane
585,u196,0,45.0,Ramicane
586,u196,5,45.55746444,Ramicane
587,u196,10,46.42294306,Ramicane
588,u196,15,47.22717065,Ramicane
589,u196,20,46.10536303,Ramicane
590,u196,25,46.70532539999999,Ramicane
591,u196,30,47.62281636,Ramicane
592,u196,35,47.00146542,Ramicane
593,u196,40,43.45368679,Ramicane
594,u196,45,40.66771292,Ramicane
595,m546,0,45.0,Ramicane
596,m546,5,42.99887638,Ramicane
597,m546,10,43.74822357,Ramicane
598,m546,15,39.89743533,Ramicane
599,m546,20,36.71229535,Ramicane
600,m546,25,37.44444543,Ramicane
601,m546,30,37.96993365,Ramicane
602,m546,35,38.62753581,Ramicane
603,m546,40,35.114575200000004,Ramicane
604,m546,45,30.56462509,Ramicane
605,w678,0,45.0,Ramicane
606,w678,5,43.16637266,Ramicane
607,n364,0,45.0,Ramicane
608,n364,5,45.52187471,Ramicane
609,n364,10,40.3751382,Ramicane
610,n364,15,36.94027399,Ramicane
611,n364,20,37.4788685,Ramicane
612,n364,25,33.20500824,Ramicane
613,n364,30,33.817758000000005,Ramicane
614,n364,35,34.48752204,Ramicane
615,n364,40,34.95473311,Ramicane
616,n364,45,31.09533505,Ramicane
617,s508,0,45.0,Ramicane
618,s508,5,38.71187185,Ramicane
619,s508,10,34.850997899999996,Ramicane
620,s508,15,35.27690634,Ramicane
621,s508,20,35.92865083,Ramicane
622,s508,25,36.33856894,Ramicane
623,s508,30,35.47402235,Ramicane
624,s508,35,35.8461407,Ramicane
625,s508,40,32.79817119,Ramicane
626,s508,45,30.27623175,Ramicane
627,e662,0,45.0,Ramicane
628,e662,5,45.81628252,Ramicane
629,e662,10,46.40908385,Ramicane
630,e662,15,43.55377339,Ramicane
631,e662,20,44.0012958,Ramicane
632,e662,25,44.66459432,Ramicane
633,e662,30,45.35023242,Ramicane
634,e662,35,43.22027636,Ramicane
635,e662,40,44.00672385,Ramicane
636,e662,45,40.65900627,Ramicane
637,z578,0,45.0,Ramicane
638,z578,5,42.18878662,Ramicane
639,z578,10,42.95211843,Ramicane
640,z578,15,38.68851607,Ramicane
641,z578,20,36.89001635,Ramicane
642,z578,25,37.41411419,Ramicane
643,z578,30,37.81593487,Ramicane
644,z578,35,38.50482444,Ramicane
645,z578,40,34.02209336,Ramicane
646,z578,45,30.63869575,Ramicane
647,r921,0,45.0,Ramicane
648,r921,5,45.56821083,Ramicane
649,r921,10,42.71192694,Ramicane
650,r921,15,43.52726054,Ramicane
651,r921,20,44.13631588,Ramicane
652,r921,25,42.65534089,Ramicane
653,r921,30,43.41938077,Ramicane
876,v719,0,45.0,Infubinol
877,v719,5,47.18836325,Infubinol
878,v719,10,51.49705412,Infubinol
879,v719,15,52.60910758,Infubinol
880,v719,20,54.04860769,Infubinol
881,q597,0,45.0,Ramicane
882,q597,5,45.76611104,Ramicane
883,q597,10,42.53798598,Ramicane
884,q597,15,41.39566036,Ramicane
885,q597,20,41.9255866,Ramicane
886,q597,25,42.57570709,Ramicane
887,q597,30,43.33916123,Ramicane
888,q597,35,43.80720142,Ramicane
889,q597,40,44.47182121,Ramicane
890,q597,45,45.22086888,Ramicane
891,c895,0,45.0,Infubinol
892,c895,5,45.47754399,Infubinol
893,c895,10,49.77901542,Infubinol
894,c895,15,52.94946474,Infubinol
895,c895,20,53.67683960000001,Infubinol
896,c895,25,57.53419288,Infubinol
897,c895,30,60.96971133,Infubinol
898,a203,0,45.0,Infubinol
899,a203,5,48.5084684,Infubinol
900,a203,10,51.852437200000004,Infubinol
901,a203,15,52.7778705,Infubinol
902,a203,20,55.17333648,Infubinol
903,a203,25,56.79320832,Infubinol
904,a203,30,59.52319728,Infubinol
905,a203,35,61.93165007,Infubinol
906,a203,40,63.59349002,Infubinol
907,a203,45,67.97341878,Infubinol
1304,x822,0,45.0,Ceftamin
1305,x822,5,45.67110442,Ceftamin
1306,x822,10,48.98371668,Ceftamin
1307,x822,15,49.69466533,Ceftamin
1308,x822,20,51.91490968,Ceftamin
1309,x822,25,54.04133326,Ceftamin
1310,x822,30,55.44515483,Ceftamin
1311,x822,35,56.79656665,Ceftamin
1312,x822,40,59.55568466,Ceftamin
1313,x822,45,61.38666032,Ceftamin
1314,l558,0,45.0,Ceftamin
1315,l558,5,45.80908882,Ceftamin
1316,l558,10,46.78453491,Ceftamin
1317,l733,0,45.0,Ceftamin
1318,l733,5,46.17422627,Ceftamin
1319,l733,10,48.35495154,Ceftamin
1320,l733,15,49.28519504,Ceftamin
1321,l733,20,53.24431157,Ceftamin
1322,l733,25,54.95166826,Ceftamin
1323,l733,30,56.31906537,Ceftamin
1324,l733,35,57.60079774,Ceftamin
1325,l733,40,59.44350649999999,Ceftamin
1326,l733,45,64.29983003,Ceftamin
1327,f436,0,45.0,Ceftamin
1328,f436,5,46.37079759,Ceftamin
1329,f436,10,48.14697758,Ceftamin
1330,f436,15,48.72207785,Ceftamin
1331,l490,0,45.0,Ceftamin
1332,l490,5,45.61253918,Ceftamin
1333,l490,10,47.25960594,Ceftamin
1334,l490,15,50.52481268,Ceftamin
1335,l490,20,51.90544699,Ceftamin
1336,l490,25,55.81003359,Ceftamin
1337,l490,30,57.91838132,Ceftamin
1338,b759,0,45.0,Ceftamin
1339,b759,5,48.00919049,Ceftamin
1340,b759,10,49.13335499,Ceftamin
1341,b759,15,51.58779906,Ceftamin
1342,b759,20,54.44303502,Ceftamin
1343,b759,25,55.08363235,Ceftamin
1344,b759,30,55.74282869,Ceftamin
1345,l471,0,45.0,Ceftamin
1346,l471,5,46.25187204,Ceftamin
1347,l471,10,48.18206306,Ceftamin
1348,l471,15,49.40687901,Ceftamin
1349,l471,20,52.22832698,Ceftamin
1350,l471,25,52.84755893,Ceftamin
1351,l471,30,58.09360446,Ceftamin
1352,l471,35,61.40599916,Ceftamin
1353,l471,40,63.84485785,Ceftamin
1354,l471,45,67.74866174,Ceftamin
1355,y865,0,45.0,Ceftamin
1356,y865,5,46.73500592,Ceftamin
1357,y865,10,49.52273955,Ceftamin
1358,y865,15,50.80651856,Ceftamin
1359,y865,20,52.36198241,Ceftamin
1360,y865,25,57.17353846,Ceftamin
1361,y865,30,59.0332753,Ceftamin
1362,y865,35,61.15313991,Ceftamin
1363,y865,40,63.46954946,Ceftamin
1364,y865,45,64.72983655,Ceftamin
1365,y769,0,45.0,Ceftamin
1366,y769,5,46.42265176,Ceftamin
1367,y769,10,48.01516261,Ceftamin
1368,y769,15,52.76102114,Ceftamin
1369,y769,20,55.02572434,Ceftamin
1370,y769,25,58.33595901,Ceftamin
1371,y769,30,61.07194886,Ceftamin
1372,y769,35,63.43063221,Ceftamin
1373,y769,40,64.25102761,Ceftamin
1374,y769,45,68.59474498,Ceftamin
1375,l661,0,45.0,Ceftamin
1376,l661,5,46.26879904,Ceftamin
1377,l661,10,49.68361956,Ceftamin
1378,l661,15,50.94754484,Ceftamin
1379,l661,20,52.61749003,Ceftamin
1380,l661,25,53.18065678,Ceftamin
1381,l661,30,55.32909936,Ceftamin
1382,l661,35,56.47412871,Ceftamin
1383,l661,40,59.20566876,Ceftamin
1384,l661,45,59.85195552,Ceftamin
1385,j296,0,45.0,Ceftamin
1386,j296,5,46.79925591,Ceftamin
1387,j296,10,48.52997762,Ceftamin
1388,j296,15,50.70127959,Ceftamin
1389,j296,20,54.00534209,Ceftamin
1390,j296,25,55.76714817,Ceftamin
1391,j296,30,56.80306121,Ceftamin
1392,j296,35,58.71448296,Ceftamin
1393,j296,40,60.07268848,Ceftamin
1394,j296,45,61.84902336,Ceftamin
1395,u149,0,45.0,Ceftamin
1396,u149,5,45.79206792,Ceftamin
1397,u149,10,47.40483439,Ceftamin
1398,u149,15,48.52237343,Ceftamin
1399,u149,20,50.37805789,Ceftamin
1400,u149,25,52.92534846,Ceftamin
1401,u153,0,45.0,Ceftamin
1402,w151,0,45.0,Ceftamin
1403,w151,5,45.54607595,Ceftamin
1404,w151,10,46.50147609,Ceftamin
1405,w151,15,47.24292865,Ceftamin
1406,w151,20,49.55426295,Ceftamin
1407,w151,25,51.869058700000004,Ceftamin
1408,w151,30,56.76715821,Ceftamin
1409,w151,35,58.33914095,Ceftamin
1410,w151,40,62.18795039,Ceftamin
1411,w151,45,67.52748237,Ceftamin
1412,h531,0,45.0,Ceftamin
1413,h531,5,47.784681799999994,Ceftamin
1414,a685,0,45.0,Infubinol
1415,a685,5,46.87048256,Infubinol
1416,a685,10,47.66475264,Infubinol
1417,a685,15,48.95147442,Infubinol
1418,a685,20,49.49055902,Infubinol
1419,a685,25,51.93995092,Infubinol
1420,a685,30,55.45385519,Infubinol
1421,a685,35,58.09262925,Infubinol
1422,a685,40,60.56790371,Infubinol
1423,a685,45,66.08306589,Infubinol
1424,o813,0,45.0,Infubinol
1425,o813,5,45.69933088,Infubinol
1426,m756,0,45.0,Infubinol
1427,m756,5,47.01036401,Infubinol
1428,n671,0,45.0,Infubinol
1429,n671,5,47.35388938,Infubinol
1430,n671,10,51.03935653,Infubinol
1431,n671,15,54.21606411,Infubinol
1432,n671,20,54.82252091,Infubinol
1433,n671,25,56.17445785,Infubinol
1434,n671,30,60.16518046,Infubinol
1435,s121,0,45.0,Infubinol
1436,s121,5,45.63566174,Infubinol
1437,s121,10,49.04883479,Infubinol
1438,s121,15,50.82456031,Infubinol
1439,s121,20,52.0050659,Infubinol
1440,s121,25,55.65068132,Infubinol
1441,v766,0,45.0,Infubinol
1442,v766,5,48.15125091,Infubinol
1443,v766,10,50.36310988,Infubinol
1444,v766,15,51.54243058,Infubinol
1445,w193,0,45.0,Infubinol
1446,w193,5,45.49385802,Infubinol
1447,w193,10,48.34655046,Infubinol
1448,w193,15,49.38557373,Infubinol
1449,w193,20,50.00513807,Infubinol
1450,e476,0,45.0,Infubinol
1451,e476,5,47.11180113,Infubinol
1452,e476,10,49.43168536,Infubinol
1453,e476,15,54.04621267,Infubinol
1454,e476,20,55.24927296,Infubinol
1455,e476,25,57.408638,Infubinol
1456,e476,30,57.99279743,Infubinol
1457,e476,35,60.064340200000004,Infubinol
1458,e476,40,61.52527583,Infubinol
1459,e476,45,62.43540402,Infubinol
1460,w584,0,45.0,Infubinol
1461,w584,5,46.05193075,Infubinol
1462,w584,10,47.29850794,Infubinol
1463,w584,15,51.26543971,Infubinol
1464,w584,20,53.32350743,Infubinol
1465,w584,25,55.65083791,Infubinol
1466,w584,30,58.26844248,Infubinol
1467,b447,0,45.0,Ceftamin
1468,k210,0,45.0,Ceftamin
1469,k210,5,47.91899771,Ceftamin
1470,k210,10,49.37993231,Ceftamin
1471,k210,15,51.07355752,Ceftamin
1472,k210,20,51.99761855,Ceftamin
1473,k210,25,54.61397279,Ceftamin
1474,k210,30,59.98950976,Ceftamin
1475,k210,35,63.32933023,Ceftamin
1476,k210,40,66.62283628,Ceftamin
1477,k210,45,68.92318457,Ceftamin
1478,a275,0,45.0,Ceftamin
1479,a275,5,46.79525728,Ceftamin
1480,a275,10,47.37134328,Ceftamin
1481,a275,15,49.73440359,Ceftamin
1482,a275,20,50.51343652,Ceftamin
1483,a275,25,53.57606417,Ceftamin
1484,a275,30,54.44471317,Ceftamin
1485,a275,35,56.35353804,Ceftamin
1486,a275,40,60.92153868,Ceftamin
1487,a275,45,62.99935619,Ceftamin
1488,x581,0,45.0,Ceftamin
1489,x581,5,47.1969266,Ceftamin
1490,x581,10,49.06702788,Ceftamin
1491,x581,15,49.74642744,Ceftamin
1492,x581,20,51.20796943,Ceftamin
1493,x581,25,51.93528318,Ceftamin
1494,x581,30,55.49282602,Ceftamin
1495,x581,35,58.07758293,Ceftamin
1496,x581,40,60.28040549,Ceftamin
1497,x581,45,64.63494887,Ceftamin
1613,x226,0,45.0,Ceftamin
1614,p438,0,45.0,Ceftamin
1615,p438,5,46.82793418,Ceftamin
1616,p438,10,50.51749789,Ceftamin
1617,p438,15,52.19836818,Ceftamin
1618,p438,20,52.90529861,Ceftamin
1619,p438,25,54.51057493,Ceftamin
1620,p438,30,56.40642173,Ceftamin
1621,p438,35,57.53855546,Ceftamin
1622,p438,40,59.30528806,Ceftamin
1623,p438,45,61.43389223,Ceftamin
1624,b487,0,45.0,Ceftamin
1625,b487,5,46.21397739,Ceftamin
1626,b487,10,47.664387100000006,Ceftamin
1627,b487,15,51.68325586,Ceftamin
1628,b487,20,53.42766344,Ceftamin
1629,b487,25,56.05774909,Ceftamin
1630,o287,0,45.0,Ceftamin
1631,o287,5,45.58680362,Ceftamin
1632,o287,10,47.36020084,Ceftamin
1633,o287,15,48.67945261,Ceftamin
1634,o287,20,50.85614078,Ceftamin
1635,o287,25,52.06848642,Ceftamin
1636,o287,30,54.50300122,Ceftamin
1637,o287,35,55.11829029,Ceftamin
1638,o287,40,57.1971929,Ceftamin
1639,o287,45,59.74190064,Ceftamin
1640,q483,0,45.0,Ceftamin
1641,q483,5,46.77681624,Ceftamin
1642,q483,10,47.8391005,Ceftamin
1643,q483,15,48.4684826,Ceftamin
1644,q483,20,50.239855799999994,Ceftamin
1645,q483,25,52.43006649,Ceftamin
1646,q483,30,54.95222585,Ceftamin
1647,q483,35,59.25348433,Ceftamin
1648,q483,40,64.19234114,Ceftamin
1649,t573,0,45.0,Ceftamin
1650,f345,0,45.0,Infubinol
1651,f345,5,45.5911466,Infubinol
1652,f345,10,47.22244619,Infubinol
1653,f345,15,48.35223854,Infubinol
1654,f345,20,49.61338303,Infubinol
1655,f345,25,53.0788944,Infubinol
1656,f345,30,54.36379731,Infubinol
1657,f345,35,56.52332726,Infubinol
1658,f345,40,58.31559250000001,Infubinol
1659,f345,45,60.91876652,Infubinol
1660,i334,0,45.0,Ramicane
1661,i334,5,41.02051821,Ramicane
1662,i334,10,41.63124731,Ramicane
1663,i334,15,39.15800115,Ramicane
1664,i334,20,39.687831700000004,Ramicane
1665,i334,25,38.24881732,Ramicane
1666,i334,30,39.00555435,Ramicane
1667,i334,35,39.7695521,Ramicane
1668,i334,40,40.44237037,Ramicane
1669,i334,45,36.37451039,Ramicane
1673,j246,0,45.0,Capomulin
1674,j246,5,45.64143788,Capomulin
1675,j246,10,46.408361299999996,Capomulin
1676,j246,15,43.31265415,Capomulin
1677,j246,20,44.02037009,Capomulin
1678,j246,25,44.55522595,Capomulin
1679,j246,30,38.04408202,Capomulin
1680,j246,35,38.75326548,Capomulin
1681,r554,0,45.0,Capomulin
1682,r554,5,45.78174579,Capomulin
1683,r554,10,39.0054935,Capomulin
1684,r554,15,35.46375763,Capomulin
1685,r554,20,36.01558858,Capomulin
1686,r554,25,33.89334515,Capomulin
1687,r554,30,32.68065459,Capomulin
1688,r554,35,33.06933705,Capomulin
1689,r554,40,31.80484133,Capomulin
1690,r554,45,32.37735684,Capomulin
1691,s185,0,45.0,Capomulin
1692,s185,5,43.87849569,Capomulin
1693,s185,10,37.61494768,Capomulin
1694,s185,15,38.17723195,Capomulin
1695,s185,20,36.86687576,Capomulin
1696,s185,25,33.94994037,Capomulin
1697,s185,30,32.95967078,Capomulin
1698,s185,35,28.32853059,Capomulin
1699,s185,40,25.47214326,Capomulin
1700,s185,45,23.34359787,Capomulin
1701,b742,0,45.0,Capomulin
1702,b742,5,41.53409702,Capomulin
1703,b742,10,41.99922813,Capomulin
1704,b742,15,39.52484301,Capomulin
1705,b742,20,37.95035546,Capomulin
1706,b742,25,38.61768433,Capomulin
1707,b742,30,39.1679495,Capomulin
1708,b742,35,39.84757556,Capomulin
1709,b742,40,38.255627399999995,Capomulin
1710,b742,45,38.93963263,Capomulin
1711,x401,0,45.0,Capomulin
1712,x401,5,45.47375302,Capomulin
1713,x401,10,39.11389068,Capomulin
1714,x401,15,39.77625003,Capomulin
1715,x401,20,36.06583471,Capomulin
1716,x401,25,36.61712031,Capomulin
1717,x401,30,32.91529186,Capomulin
1718,x401,35,30.20682488,Capomulin
1719,x401,40,28.16739732,Capomulin
1720,x401,45,28.48403281,Capomulin
1721,l509,0,45.0,Capomulin
1722,l509,5,45.85119285,Capomulin
1723,l509,10,46.75907363,Capomulin
1724,l509,15,47.48859931,Capomulin
1725,l509,20,48.07045162,Capomulin
1726,l509,25,44.00625702,Capomulin
1727,l509,30,44.70805473,Capomulin
1728,l509,35,40.207288500000004,Capomulin
1729,l509,40,40.77081259,Capomulin
1730,l509,45,41.48300765,Capomulin
1731,s710,0,45.0,Capomulin
1732,s710,5,43.180977399999996,Capomulin
1733,s710,10,43.68802627,Capomulin
1734,s710,15,41.84523536,Capomulin
1735,s710,20,42.62996266,Capomulin
1736,s710,25,43.06040875,Capomulin
1737,s710,30,43.57170323,Capomulin
1738,s710,35,44.16051879,Capomulin
1739,s710,40,40.17192011,Capomulin
1740,s710,45,40.72857787,Capomulin
1741,r157,0,45.0,Capomulin
1742,r157,5,45.59706359,Capomulin
1743,r157,10,46.05960827,Capomulin
1744,r157,15,46.53920617,Capomulin
1745,u364,0,45.0,Capomulin
1746,u364,5,45.76088647,Capomulin
1747,u364,10,46.56841719,Capomulin
1748,u364,15,47.21219992,Capomulin
1749,u364,20,40.34394812,Capomulin
1750,u364,25,35.50361557,Capomulin
1751,u364,30,35.9783344,Capomulin
1752,u364,35,35.45948978,Capomulin
1753,u364,40,36.02413752,Capomulin
1754,u364,45,31.02392294,Capomulin
1755,j119,0,45.0,Capomulin
1756,j119,5,45.83899787,Capomulin
1757,j119,10,46.42536551,Capomulin
1758,j119,15,47.32298428,Capomulin
1759,j119,20,48.15820939,Capomulin
1760,j119,25,42.41716589,Capomulin
1761,j119,30,43.01368114,Capomulin
1762,j119,35,43.76570537,Capomulin
1763,j119,40,44.5850896,Capomulin
1764,j119,45,38.125164399999996,Capomulin
1765,v923,0,45.0,Capomulin
1766,v923,5,45.70443431,Capomulin
1767,v923,10,39.84822328,Capomulin
1768,v923,15,40.45798877,Capomulin
1769,v923,20,39.64829568,Capomulin
1770,v923,25,40.15641269,Capomulin
1771,v923,30,40.75221626,Capomulin
1772,v923,35,41.43924156,Capomulin
1773,v923,40,42.1510148,Capomulin
1774,v923,45,40.65812366,Capomulin
1775,w914,0,45.0,Capomulin
1776,w914,5,45.89372032,Capomulin
1777,w914,10,43.23196275,Capomulin
1778,w914,15,43.68844893,Capomulin
1779,w914,20,41.10809233,Capomulin
1780,w914,25,40.29191661,Capomulin
1781,w914,30,40.99311013,Capomulin
1782,w914,35,41.66491577,Capomulin
1783,w914,40,35.61130861,Capomulin
1784,w914,45,36.04104736,Capomulin
1785,i738,0,45.0,Capomulin
1786,i738,5,45.59568527,Capomulin
1787,i738,10,43.42101414,Capomulin
1788,i738,15,37.97877782,Capomulin
1789,i738,20,38.53113634,Capomulin
1790,i738,25,34.97343761,Capomulin
1791,i738,30,35.57877987,Capomulin
1792,i738,35,36.17595269,Capomulin
1793,i738,40,36.84389799,Capomulin
1794,i738,45,37.31184577,Capomulin
1795,r944,0,45.0,Capomulin
1796,r944,5,45.73714484,Capomulin
1797,r944,10,46.54429202,Capomulin
1798,r944,15,47.37342325,Capomulin
1799,r944,20,43.22567119,Capomulin
1800,r944,25,41.08699106,Capomulin
1801,r944,30,41.68079111,Capomulin
1802,r944,35,40.40176542,Capomulin
1803,r944,40,41.04204489999999,Capomulin
1804,r944,45,41.58152074,Capomulin
1805,y793,0,45.0,Capomulin
1806,y793,5,41.01991315,Capomulin
1807,y793,10,41.63001026,Capomulin
1808,y793,15,42.28366512,Capomulin
1809,y793,20,40.71642815,Capomulin
1810,y793,25,38.9927339,Capomulin
1811,y793,30,35.72602314,Capomulin
1812,y793,35,36.3278696,Capomulin
1813,y793,40,31.47541076,Capomulin
1814,y793,45,31.896238399999998,Capomulin
1815,g316,0,45.0,Capomulin
1816,g316,5,44.02275246,Capomulin
1817,g316,10,44.50204246,Capomulin
1818,g316,15,45.21674299,Capomulin
1819,g316,20,45.93332219,Capomulin
1820,g316,25,46.80922469,Capomulin
1821,g316,30,44.22147988,Capomulin
1822,g316,35,44.70283296,Capomulin
1823,g316,40,45.56582103,Capomulin
1824,g316,45,40.1592203,Capomulin
1825,g288,0,45.0,Capomulin
1826,g288,5,45.83939976,Capomulin
1827,g288,10,46.30400254,Capomulin
1828,g288,15,42.17230079,Capomulin
1829,g288,20,42.95712001,Capomulin
1830,g288,25,42.36869239,Capomulin
1831,g288,30,42.87446056,Capomulin
1832,g288,35,38.95411458,Capomulin
1833,g288,40,36.35685121,Capomulin
1834,g288,45,37.07402422,Capomulin
1835,l897,0,45.0,Capomulin
1836,l897,5,45.46224327,Capomulin
1837,l897,10,46.15473721,Capomulin
1838,l897,15,44.0615214,Capomulin
1839,l897,20,44.81309343,Capomulin
1840,l897,25,45.35467916,Capomulin
1841,l897,30,39.35279201,Capomulin
1842,l897,35,37.68276664,Capomulin
1843,l897,40,38.34390154,Capomulin
1844,l897,45,38.84687569,Capomulin
1845,w150,0,45.0,Capomulin
1846,w150,5,39.20212894,Capomulin
1847,w150,10,39.95234669,Capomulin
1848,t565,0,45.0,Capomulin
1849,t565,5,45.8956472,Capomulin
1850,t565,10,46.74900552,Capomulin
1851,t565,15,44.44094861,Capomulin
1852,t565,20,39.0702138,Capomulin
1853,t565,25,37.34220976,Capomulin
1854,t565,30,32.86891617,Capomulin
1855,t565,35,33.51567063,Capomulin
1856,t565,40,33.94934131,Capomulin
1857,t565,45,34.45529799,Capomulin
1858,i557,0,45.0,Capomulin
1859,i557,5,42.2616653,Capomulin
1860,i557,10,42.99207658,Capomulin
1861,i557,15,43.529875700000005,Capomulin
1862,i557,20,43.96789516,Capomulin
1863,i557,25,44.59621854,Capomulin
1864,i557,30,45.26138381,Capomulin
1865,i557,35,45.94194901,Capomulin
1866,i557,40,46.82106972,Capomulin
1867,i557,45,47.68596303,Capomulin
1868,m957,0,45.0,Capomulin
1869,m957,5,45.62238149,Capomulin
1870,m957,10,46.414517700000005,Capomulin
1871,m957,15,39.80445341,Capomulin
1872,m957,20,38.90934919,Capomulin
1873,m957,25,37.69543154,Capomulin
1874,m957,30,38.21247939,Capomulin
1875,m957,35,32.56283914,Capomulin
1876,m957,40,32.94761484,Capomulin
1877,m957,45,33.32909778,Capomulin
1878,f966,0,45.0,Capomulin
1879,f966,5,38.79647373,Capomulin
1880,f966,10,35.6244027,Capomulin
1881,f966,15,32.62300253,Capomulin
1882,f966,20,30.48598484,Capomulin
1883,m601,0,45.0,Capomulin
1884,m601,5,41.40859145,Capomulin
1885,m601,10,36.82536664,Capomulin
1886,m601,15,35.46461175,Capomulin
1887,m601,20,34.255731700000005,Capomulin
1888,m601,25,33.11875607,Capomulin
1889,m601,30,31.75827491,Capomulin
1890,m601,35,30.83435704,Capomulin
1891,m601,40,31.378045299999997,Capomulin
1892,m601,45,28.43096411,Capomulin
